,Unnamed: 0,apartment_number,total_area,house_number,residents_number,owner_name
2500,2500,123,40.88506764667981,14,5,Семен Ерофеевич Котов
2501,2501,64,39.930063853393015,8,11,Милан Брониславович Зуев
2502,2502,67,76.04046697360684,10,6,Коновалова Зоя Олеговна
2503,2503,99,48.23226392720216,8,4,Фаина Григорьевна Степанова
2504,2504,124,45.43842545850946,4,0,Цветкова Нонна Максимовна
2505,2505,34,53.55902809255145,3,11,Сорокин Савва Евстигнеевич
2506,2506,66,49.52370236319535,2,3,Творимир Гертрудович Смирнов
2507,2507,23,31.75321783434666,7,0,Ираида Романовна Калинина
2508,2508,45,74.15547110178849,9,3,Муравьев Мартьян Борисович
2509,2509,6,63.1301861436907,4,0,Пров Валерианович Зайцев
2510,2510,129,34.60601163786266,5,0,Белоусов Иван Устинович
2511,2511,44,54.68422814906505,8,3,Жданова Елена Евгеньевна
2512,2512,127,30.120510546356613,4,6,Романов Афанасий Васильевич
2513,2513,11,36.13288872276672,6,4,Богданов Мина Фёдорович
2514,2514,48,84.02820243737068,15,10,Натан Артемьевич Гаврилов
2515,2515,157,34.08345621464551,9,5,Максимов Евграф Дмитриевич
2516,2516,23,35.95604435114056,4,0,Лазарев Эдуард Викентьевич
2517,2517,8,101.52844405581544,26,2,Артемьев Олег Власович
2518,2518,9,43.0630790018807,12,4,Харитонов Платон Геннадиевич
2519,2519,6,42.62172942143,17,0,Исаева Таисия Николаевна
2520,2520,9,122.50024572674752,19,4,Анна Тарасовна Титова
2521,2521,62,83.74124284044036,4,0,Куликов Святополк Жоресович
2522,2522,46,34.17510520423177,6,5,Овчинников Вацлав Ефстафьевич
2523,2523,62,56.56778147017543,13,5,Богдан Валерьевич Кононов
2524,2524,134,88.74524054190343,12,7,Жанна Васильевна Гурьева
2525,2525,62,46.29688156391805,8,0,Павлова Людмила Егоровна
2526,2526,97,25.98540935132594,3,7,Полякова Вероника Анатольевна
2527,2527,47,37.60898958197157,1,3,Воробьев Добромысл Гавриилович
2528,2528,9,61.79436518698047,8,4,Калашникова Александра Петровна
2529,2529,105,38.72201465808342,1,2,Самсонов Любомир Архипович
2530,2530,21,79.06937894023484,4,4,Мстислав Германович Зиновьев
2531,2531,58,44.81772276743538,11,5,Власова Зинаида Феликсовна
2532,2532,58,66.20969030292491,4,5,Маргарита Леонидовна Одинцова
2533,2533,89,42.48136913038536,6,6,Потап Игоревич Гуляев
2534,2534,17,78.56413148181898,8,4,Селезнев Пимен Геннадиевич
2535,2535,62,77.63307293817155,6,0,Анисим Ярославович Логинов
2536,2536,56,67.42451318833426,2,3,Пахомова Таисия Егоровна
2537,2537,107,45.00591514808664,4,3,Валентина Владимировна Филиппова
2538,2538,53,65.95148516198341,9,3,Гущина Марфа Рубеновна
2539,2539,61,53.82836644511379,8,9,Кузьмина Антонина Кирилловна
2540,2540,168,50.02815234841179,2,11,Парфен Измаилович Соболев
2541,2541,23,30.456100704811725,2,0,Воронова Марфа Руслановна
2542,2542,34,87.84908601682855,5,11,Воробьев Кирилл Ефстафьевич
2543,2543,94,34.09070264517542,7,9,Шубин Лаврентий Денисович
2544,2544,18,57.92560277280624,16,5,Коновалов Радислав Васильевич
2545,2545,3,32.83539558034084,10,3,Станимир Еремеевич Крюков
2546,2546,27,42.34211713987106,6,0,Ираида Тимофеевна Дьячкова
2547,2547,34,62.84535429187669,6,11,Филатова Любовь Геннадьевна
2548,2548,58,38.25695468345707,9,0,Тимофей Гаврилович Петухов
2549,2549,87,64.18415798052641,5,6,Николаев Твердислав Арсеньевич
2550,2550,9,65.68875692621009,15,4,Людмила Кузьминична Коновалова
2551,2551,41,72.36058650796198,8,0,Никонова Алина Артемовна
2552,2552,90,37.857405520135536,3,2,Герасим Захарьевич Семенов
2553,2553,6,75.41760690891206,7,0,Всеволод Игнатьевич Денисов
2554,2554,190,47.48941478157685,5,5,Васильев Клавдий Жоресович
2555,2555,1,44.00422157648244,9,1,Лучезар Давыдович Устинов
2556,2556,21,43.335586237511386,2,4,Мечислав Харламович Лукин
2557,2557,1,48.61257626785504,3,1,Блохин Ипполит Афанасьевич
2558,2558,79,91.28259959524765,19,5,Андрон Арсеньевич Овчинников
2559,2559,30,48.51184823688578,3,23,Воробьева Таисия Андреевна
2560,2560,27,54.79760901442653,16,0,Мартьян Гурьевич Карпов
2561,2561,62,73.935905328664,14,0,Парфен Иосифович Шестаков
2562,2562,9,55.760062452334985,9,4,Юлия Святославовна Бобылева
2563,2563,109,76.746603238253,15,6,Мясников Прокофий Юльевич
2564,2564,12,40.72315245889765,16,15,Аркадий Елисеевич Родионов
2565,2565,38,47.30306507495757,20,7,Романова Ксения Архиповна
2566,2566,88,66.32816279970365,12,9,Антип Герасимович Лихачев
2567,2567,58,60.31500109313421,9,2,Бобылев Исай Валентинович
2568,2568,188,36.052306939985485,6,5,Богданова Анжела Ивановна
2569,2569,165,40.78175227759245,9,5,Евфросиния Богдановна Тарасова
2570,2570,1,38.6030741937705,5,1,Ларионов Панфил Федосьевич
2571,2571,1,65.0234203975025,15,1,Прасковья Аскольдовна Пахомова
2572,2572,85,63.14741387540085,6,7,Наумова Наина Аскольдовна
2573,2573,2,37.46041367933325,13,3,Маслов Адриан Ааронович
2574,2574,1,63.88616402640567,25,1,Панкратий Бориславович Некрасов
2575,2575,16,64.08092957649615,5,7,Комарова Антонина Анатольевна
2576,2576,153,77.81085482138081,4,8,Воронова Зинаида Тимуровна
2577,2577,18,54.429399215486384,11,5,Ефимов Пантелеймон Владленович
2578,2578,30,68.6716079572673,17,23,Анжела Кузьминична Шарова
2579,2579,72,35.507727635850905,3,0,Емельян Тарасович Артемьев
2580,2580,60,34.49103927962153,6,11,Никон Фокич Ермаков
2581,2581,45,80.79778949850416,14,2,Бронислав Даниилович Лукин
2582,2582,23,60.769643943640304,4,2,Шарапов Милан Жанович
2583,2583,31,79.07429766230497,7,1,Полина Федоровна Власова
2584,2584,9,40.5446565235782,14,11,Фаина Рубеновна Власова
2585,2585,128,39.43106604122975,6,8,Молчанов Галактион Трофимович
2586,2586,23,36.48203775674647,8,2,Родион Венедиктович Беляков
2587,2587,105,42.1981290464198,8,1,Лора Викторовна Орлова
2588,2588,120,87.8484942062905,2,11,Степан Харламович Константинов
2589,2589,2,54.04237692733619,4,3,Авдеев Евдоким Якубович
2590,2590,45,38.46727580065075,11,2,Ярослав Эдгардович Якушев
2591,2591,6,79.60824560036937,8,0,Журавлева Прасковья Вениаминовна
2592,2592,160,44.91060801068288,11,5,Носков Аким Харлампьевич
2593,2593,21,51.48641146081077,12,5,Галактион Арсеньевич Шестаков
2594,2594,90,46.60947097680196,6,2,София Геннадиевна Рябова
2595,2595,16,44.54420320560885,7,7,Комарова Евдокия Натановна
2596,2596,129,62.930910952785645,18,5,Агафонов Трифон Ерофеевич
2597,2597,29,47.23584336383904,28,2,Михаил Жоресович Бирюков
2598,2598,58,44.10149452265194,13,5,Данилов Юлий Владленович
2599,2599,74,85.06636463288046,16,5,Олимпиада Матвеевна Петрова
2600,2600,127,53.16969532546046,11,6,Харитонова Пелагея Константиновна
2601,2601,44,55.79953996494821,7,3,Ким Ермолаевич Савельев
2602,2602,99,57.61926910786271,5,8,Наина Михайловна Никонова
2603,2603,23,163.4953334104031,5,0,Герасимов Борислав Изотович
2604,2604,9,42.316394065704486,22,4,Евсей Гертрудович Маслов
2605,2605,61,40.224554236839374,7,9,Акулина Святославовна Костина
2606,2606,85,51.79752906403744,2,7,Захарова Наталья Валериевна
2607,2607,96,77.80398617462664,4,4,Гришин Елисей Всеволодович
2608,2608,51,52.66513003562821,4,8,Сергей Викентьевич Трофимов
2609,2609,27,55.06404113234551,10,0,Осипов Владилен Владиленович
2610,2610,84,35.346860366820984,11,1,Кузнецова Акулина Андреевна
2611,2611,30,71.43274395721917,7,23,Селиверстов Валерьян Анисимович
2612,2612,48,52.84021079979945,3,10,Любовь Рубеновна Тихонова
2613,2613,23,78.49581308106704,9,2,Рогов Игорь Арсеньевич
2614,2614,105,51.07104286549226,13,2,Фролов Герасим Всеволодович
2615,2615,46,56.59158557317394,4,5,Лазарь Гаврилович Кулагин
2616,2616,69,76.44158805957974,10,9,Варлаам Власович Крылов
2617,2617,48,41.40946129410274,3,10,Кудряшова Ульяна Леоновна
2618,2618,53,44.59174619834402,4,3,Казакова Зоя Макаровна
2619,2619,23,68.23329050537474,5,0,Силин Константин Александрович
2620,2620,99,47.8812212305518,6,8,Ершов Милан Аверьянович
2621,2621,37,45.37678970254649,5,3,Одинцов Мина Жоресович
2622,2622,27,44.48394618822088,16,0,Фомина Светлана Геннадьевна
2623,2623,21,43.95256102624192,1,5,Аксенов Станимир Фадеевич
2624,2624,62,90.83012159528386,2,0,Ипат Ефимьевич Захаров
2625,2625,58,42.952213989062514,11,5,Ростислав Адамович Стрелков
2626,2626,1,50.0825212090453,7,1,Тимофеев Пимен Афанасьевич
2627,2627,56,78.15366084171991,8,6,Татьяна Семеновна Матвеева
2628,2628,27,63.95716725570599,14,0,Марков Моисей Тихонович
2629,2629,39,48.61752724561047,9,2,Акулина Никифоровна Константинова
2630,2630,93,52.86214550335085,7,0,Дарья Аскольдовна Зыкова
2631,2631,122,75.22220891728607,10,8,Савина Ксения Оскаровна
2632,2632,144,27.680039930766643,10,7,Харитонов Зиновий Феликсович
2633,2633,23,54.14655350653006,5,0,Николай Фролович Смирнов
2634,2634,63,48.97690242531936,18,6,Григорьева Елена Болеславовна
2635,2635,9,78.12499148178821,10,4,Аскольд Исидорович Мамонтов
2636,2636,129,49.552474705880925,6,5,Владлен Ефремович Поляков
2637,2637,6,41.98535946178862,5,0,Гуляев Радим Валерианович
2638,2638,22,42.63778638707127,9,0,Валерия Матвеевна Сысоева
2639,2639,26,45.26658673833281,4,2,Анатолий Алексеевич Никитин
2640,2640,23,44.33110992130956,2,0,Анжела Дмитриевна Фадеева
2641,2641,34,58.09987050271373,16,11,Маслова Антонина Мироновна
2642,2642,78,36.1685887795222,8,2,Исидор Венедиктович Бобылев
2643,2643,27,58.0279654750061,7,0,Тимофеев Авдей Дмитриевич
2644,2644,101,55.1646534306416,5,2,Клавдия Станиславовна Ефимова
2645,2645,78,61.75084582882294,5,2,Афиноген Филиппович Шилов
2646,2646,114,28.56659759732364,7,0,Евдокия Эльдаровна Маркова
2647,2647,124,63.48412370981339,8,5,Красильников Ян Ануфриевич
2648,2648,61,79.67012528088934,3,9,Ипат Матвеевич Панов
2649,2649,57,53.42267570062886,14,4,Веселов Еремей Валерьянович
2650,2650,52,65.347099605292,5,5,Шарапова Ксения Ильинична
2651,2651,26,44.22979973625607,17,11,Захаров Леонтий Вячеславович
2652,2652,6,64.0613420678999,5,0,Елизавета Евгеньевна Александрова
2653,2653,1,43.772157858780176,9,0,Галкин Филимон Антипович
2654,2654,52,40.15863065442969,11,5,Всеволод Гордеевич Калинин
2655,2655,6,47.60092852929478,11,0,Власов Кондратий Венедиктович
2656,2656,183,151.15065976908977,6,10,Цветков Милован Герасимович
2657,2657,48,33.95837186994883,10,10,Блинова Алина Вениаминовна
2658,2658,58,41.47022242218125,9,2,Степан Всеволодович Гурьев
2659,2659,37,37.41961469220545,9,5,Дмитриев Остромир Игнатьевич
2660,2660,62,61.01990259246092,18,0,Ульяна Натановна Тетерина
2661,2661,53,57.57603042325584,12,10,Крюкова Олимпиада Ниловна
2662,2662,17,77.85024134882943,9,9,Евдокимов Селиван Иларионович
2663,2663,6,49.54194479641559,2,0,Лазарева Лидия Вадимовна
2664,2664,27,41.82671796039004,10,0,Фотий Димитриевич Ширяев
2665,2665,74,43.22771919485077,9,2,Екатерина Владимировна Лыткина
2666,2666,88,55.50808782219941,13,9,Шилов Емельян Анисимович
2667,2667,3,46.12402411351433,11,2,Панфилова Феврония Константиновна
2668,2668,7,48.41699397154225,15,9,Ефрем Викторович Зайцев
2669,2669,8,61.22445030715348,6,5,Николаев Владлен Матвеевич
2670,2670,1,38.75988477429872,5,1,тов. Матвеева Ангелина Яковлевна
2671,2671,119,38.194375727854,14,5,Никитина Пелагея Ждановна
2672,2672,103,67.99233584102767,16,3,Майя Юльевна Новикова
2673,2673,6,52.74743831859992,9,0,Лукия Федоровна Дроздова
2674,2674,27,39.05511447213237,11,1,тов. Савина Надежда Ильинична
2675,2675,56,78.3645342639423,15,6,Кабанов Селиверст Германович
2676,2676,58,35.23189722718857,17,0,Нина Валентиновна Назарова
2677,2677,23,32.17322879216809,4,0,Сидорова Александра Ефимовна
2678,2678,32,42.72896813188467,6,11,Лазарь Ануфриевич Ефремов
2679,2679,75,58.84536520894047,12,5,Ершов Гурий Евстигнеевич
2680,2680,11,43.15841677521131,2,5,Надежда Харитоновна Родионова
2681,2681,8,39.11152356792614,6,4,Федор Денисович Исаев
2682,2682,27,85.9684544966517,14,0,Кудрявцева Прасковья Феликсовна
2683,2683,52,80.28876903458307,10,5,Роман Виленович Васильев
2684,2684,6,75.88815582675768,11,0,Самойлов Симон Геннадиевич
2685,2685,134,37.645717861189,4,8,Карл Аверьянович Ермаков
2686,2686,23,39.95888017853965,3,2,Пахом Васильевич Шаров
2687,2687,178,42.31110773236619,4,5,Горбунов Юлий Иларионович
2688,2688,38,86.9888701045465,8,7,Татьяна Ивановна Артемьева
2689,2689,6,65.71581434365199,13,0,Алла Геннадьевна Дементьева
2690,2690,104,81.63481798883527,6,23,Будимир Терентьевич Буров
2691,2691,8,49.393302276005485,10,4,Егорова Клавдия Федоровна
2692,2692,47,56.79843104393015,18,3,Маслова Милица Вадимовна
2693,2693,164,68.0650030407803,3,6,Наумова Татьяна Наумовна
2694,2694,9,40.446190861453445,6,4,Жанна Кузьминична Быкова
2695,2695,9,66.96576910153361,3,4,Творимир Германович Марков
2696,2696,23,79.54106882647676,7,2,Агафонова Иванна Алексеевна
2697,2697,17,57.33502769465981,16,2,Давыдов Олег Виленович
2698,2698,27,63.73542129135684,14,0,Ия Александровна Мельникова
2699,2699,62,86.92946750587444,10,0,Фаина Андреевна Савина
2700,2700,1,99.89300883252932,4,1,Селиверстова Кира Тимуровна
2701,2701,58,77.91089059683281,4,1,Вероника Анатольевна Суханова
2702,2702,6,55.541027467679626,5,0,Крылова Наина Архиповна
2703,2703,42,56.50524129962516,15,0,Комиссаров Твердислав Филиппович
2704,2704,77,64.07745224080281,2,16,тов. Стрелков Лавр Ефимьевич
2705,2705,57,57.801701765674025,10,4,Анастасия Юльевна Максимова
2706,2706,7,86.32636026251231,3,6,Любовь Альбертовна Константинова
2707,2707,101,34.62654383336231,3,5,Яков Адрианович Беляков
2708,2708,62,137.9077831380334,4,0,Шарапов Соломон Георгиевич
2709,2709,10,52.68059240708922,3,11,тов. Лихачев Спартак Дмитриевич
2710,2710,1,65.34433782915698,7,1,Анжела Васильевна Агафонова
2711,2711,27,38.07768488276081,7,0,Евстигней Фёдорович Жданов
2712,2712,23,39.12098112285867,5,0,Пров Давыдович Иванов
2713,2713,23,56.80985869201504,3,0,Воронцова Варвара Максимовна
2714,2714,55,57.59663364094056,6,4,Анжела Николаевна Доронина
2715,2715,27,67.7835490250506,12,0,Фролов Гремислав Демьянович
2716,2716,23,42.72721843126044,3,0,Шилова Полина Олеговна
2717,2717,52,42.767291541751625,16,5,Ия Робертовна Рожкова
2718,2718,128,40.94905477906286,8,8,Рогов Нестор Давидович
2719,2719,15,46.71080454028148,16,0,Тарасов Кондратий Иосифович
2720,2720,61,81.32222681412338,12,9,Трофимов Кузьма Феофанович
2721,2721,123,98.05611969428864,9,4,Нина Викторовна Богданова
2722,2722,90,46.53101559791024,3,2,Варвара Леоновна Горбачева
2723,2723,68,46.0884519519831,16,5,Устинова Оксана Константиновна
2724,2724,57,62.17756452797002,13,15,Валентина Вадимовна Доронина
2725,2725,61,98.88555416630064,19,9,Любовь Леонидовна Денисова
2726,2726,27,46.51365121342859,7,0,Прохоров Ким Дорофеевич
2727,2727,11,36.08543485788181,3,1,Кудрявцева Маргарита Болеславовна
2728,2728,2,31.30902060198256,3,5,Григорий Феликсович Брагин
2729,2729,1,77.47287307581558,3,1,Мирон Димитриевич Шарапов
2730,2730,6,55.156250274079525,7,0,Кудряшов Милан Гавриилович
2731,2731,62,44.00840194676039,3,0,Гаврила Викентьевич Лапин
2732,2732,27,44.61100134468814,4,0,Стрелков Ипат Витальевич
2733,2733,9,53.508282300474704,6,4,Михайлов Натан Фокич
2734,2734,27,96.0435628840948,5,0,Нонна Робертовна Белякова
2735,2735,1,48.7444802995941,12,1,Буров Емельян Чеславович
2736,2736,7,39.359260211910005,19,9,Мухина Александра Сергеевна
2737,2737,27,54.494216219986896,4,0,Радислав Елизарович Герасимов
2738,2738,27,38.63519735810681,1,4,Вадим Фокич Захаров
2739,2739,48,66.30821658554166,7,10,Большакова Валерия Ефимовна
2740,2740,1,86.74409766309677,7,1,Мясникова Анна Филипповна
2741,2741,149,59.42647328705712,2,4,Виноградов Доброслав Ааронович
2742,2742,1,39.154917264316346,3,1,Евдокимова София Захаровна
2743,2743,77,69.42385473513458,3,16,Колесникова Пелагея Яковлевна
2744,2744,128,57.1978292708512,9,8,Панов Твердислав Тимурович
2745,2745,9,60.90017774572223,2,4,Галина Аскольдовна Бурова
2746,2746,27,65.8994278417334,7,0,Кира Болеславовна Боброва
2747,2747,27,82.63059041736112,11,0,Молчанов Павел Иларионович
2748,2748,90,87.83840930534453,3,3,Елена Харитоновна Аксенова
2749,2749,6,83.79805303655263,16,0,Фёкла Алексеевна Турова
2750,2750,23,54.90694148301874,3,0,Мечислав Харитонович Доронин
2751,2751,79,66.02783226932387,5,5,Стоян Якубович Панфилов
2752,2752,8,38.518700620373146,4,5,Антонина Макаровна Ширяева
2753,2753,10,75.50918586241339,8,6,Фаина Степановна Матвеева
2754,2754,27,58.74402967329752,8,0,Журавлева Екатерина Ниловна
2755,2755,58,51.93929397989691,5,5,Селезнев Емельян Германович
2756,2756,13,84.59922180177792,13,15,Виноградов Владлен Якубович
2757,2757,128,52.71732412667394,7,8,Афанасий Архипович Пахомов
2758,2758,23,57.11935370737427,5,0,Бирюков Радован Харлампович
2759,2759,27,52.52454261149377,7,1,Агап Августович Логинов
2760,2760,49,42.98336601940371,6,5,Синклитикия Макаровна Щукина
2761,2761,27,66.31785379102358,14,1,Павлов Лазарь Харлампович
2762,2762,70,94.1281361095496,5,5,Шубин Автоном Ефимович
2763,2763,23,29.87903560569668,12,0,Регина Кирилловна Евсеева
2764,2764,35,43.32581674574812,7,11,Прасковья Матвеевна Евсеева
2765,2765,26,63.11997989256746,6,6,Шубин Любим Иларионович
2766,2766,27,44.99454027510764,2,0,Иосиф Исидорович Ковалев
2767,2767,23,65.56106837250263,14,2,Константин Харламович Шестаков
2768,2768,30,81.37520074286809,20,23,г-н Молчанов Касьян Филиппович
2769,2769,27,57.435682606342894,9,0,Жанна Юрьевна Титова
2770,2770,87,61.052434162598814,3,5,Анисимова Синклитикия Оскаровна
2771,2771,62,38.99652181420959,23,0,Ипатий Филатович Гусев
2772,2772,30,47.12346767226734,22,23,Кабанова Елизавета Рубеновна
2773,2773,29,42.39798729822637,13,2,Екатерина Никифоровна Авдеева
2774,2774,130,90.99279702548704,4,7,Антип Авдеевич Калинин
2775,2775,1,79.3479552247171,4,1,Панфилова Ангелина Филипповна
2776,2776,25,42.95070167991873,8,11,Степанова Евпраксия Юрьевна
2777,2777,56,57.34799323619576,8,6,Ульяна Александровна Громова
2778,2778,27,77.60547681664931,7,0,Самойлов Сигизмунд Ааронович
2779,2779,9,78.60835962621415,8,4,Дементьева Антонина Натановна
2780,2780,52,38.68342188273736,8,5,Калашников Артемий Архипович
2781,2781,76,74.34467216472493,42,5,Гурий Германович Кузьмин
2782,2782,132,54.6780138081448,4,19,Козлов Яков Фадеевич
2783,2783,55,36.05991014365614,16,4,Самойлов Светозар Ефстафьевич
2784,2784,20,78.8435919680662,9,5,Фомина Регина Вадимовна
2785,2785,66,56.07125070081644,4,7,Дорофеева Зоя Георгиевна
2786,2786,23,62.48526028490662,23,2,Ангелина Николаевна Гурьева
2787,2787,30,27.26486923937159,6,23,Иосиф Харламович Колобов
2788,2788,48,95.86778037176602,20,10,Третьякова Иванна Юрьевна
2789,2789,1,86.48754985557137,18,1,Алла Яковлевна Гордеева
2790,2790,23,51.330209313563,2,0,Филиппов Федот Яковлевич
2791,2791,137,55.86095235950646,3,1,Амос Тарасович Лихачев
2792,2792,18,83.98293604975532,2,5,Потап Харитонович Беляков
2793,2793,108,56.006781606472906,10,1,Прасковья Игоревна Сазонова
2794,2794,99,41.26896291426925,9,8,Орлов Орест Викентьевич
2795,2795,148,95.82969690156024,8,10,Туров Моисей Филиппович
2796,2796,27,41.23489724260048,12,0,Семен Филатович Муравьев
2797,2797,109,71.32136262026741,14,6,Тамара Дмитриевна Гуляева
2798,2798,6,62.57637988113967,7,0,Яков Ефстафьевич Маслов
2799,2799,8,64.05808660786145,5,5,Зоя Александровна Игнатова
2800,2800,29,43.954938953276425,3,0,Мишин Дорофей Григорьевич
2801,2801,27,54.14906790682125,9,0,Октябрина Валериевна Никитина
2802,2802,1,64.10761275681037,16,1,Мстислав Иосифович Ермаков
2803,2803,53,38.91995218890855,2,3,Лыткина Кира Игоревна
2804,2804,1,37.42581837500241,11,1,Лукия Игоревна Попова
2805,2805,28,48.32872049596113,4,0,Фомичева Нина Сергеевна
2806,2806,107,36.98221062767918,6,3,Сигизмунд Фёдорович Шилов
2807,2807,45,61.23784822265034,16,2,Екатерина Игоревна Блинова
2808,2808,138,38.89917561819314,14,2,Ерофей Давидович Субботин
2809,2809,6,40.244128677716525,8,0,Селиверстов Гаврила Гордеевич
2810,2810,100,82.36822422414565,3,0,г-жа Белякова Лукия Максимовна
2811,2811,9,38.697608818943365,22,1,Наталья Оскаровна Савина
2812,2812,8,41.29202989478887,6,5,Потап Феодосьевич Белов
2813,2813,30,35.30238045201732,7,23,Аксенов Панфил Тарасович
2814,2814,46,36.93511480160419,9,1,Колесников Олимпий Харлампович
2815,2815,17,34.827112056255594,2,4,Александрова Фаина Аркадьевна
2816,2816,5,44.40897700467538,2,5,Глеб Юлианович Котов
2817,2817,27,42.166373915365845,14,0,Громова Октябрина Валентиновна
2818,2818,165,35.68470941049266,2,5,Александр Богданович Дементьев
2819,2819,37,55.70015620445888,6,3,Доронин Кирилл Герасимович
2820,2820,42,63.503213439657166,6,0,Беляев Аким Архипович
2821,2821,23,42.90168338731896,18,2,Алина Егоровна Симонова
2822,2822,62,43.20868171510765,12,0,Некрасова Нинель Робертовна
2823,2823,8,74.33681435745468,4,5,Абрамов Эрнст Власович
2824,2824,62,44.58521327203032,7,0,Самсон Харламович Данилов
2825,2825,1,64.57154470482998,16,1,Дарья Степановна Рогова
2826,2826,79,69.25043438508207,5,5,Лора Михайловна Нестерова
2827,2827,6,52.20965224820481,17,0,Матвей Филатович Анисимов
2828,2828,25,57.80323646443474,24,11,Панова Элеонора Макаровна
2829,2829,74,50.2311774771604,4,2,Коновалов Владлен Чеславович
2830,2830,6,41.41594392855211,5,0,Харитон Алексеевич Логинов
2831,2831,7,77.9007485244746,9,9,Тамара Рубеновна Красильникова
2832,2832,27,39.28749285194115,9,4,Ростислав Ааронович Коновалов
2833,2833,36,59.30947397270295,3,0,Игнатьева Дарья Владиславовна
2834,2834,2,31.356223232942188,2,6,Азарий Бенедиктович Фролов
2835,2835,34,89.12596459420692,8,11,Тит Фролович Тимофеев
2836,2836,61,77.36714707903236,6,9,Лидия Захаровна Рогова
2837,2837,5,79.02525020642375,11,5,Гришин Аггей Евсеевич
2838,2838,7,47.95808565842809,6,9,Александра Викторовна Миронова
2839,2839,17,100.75199855228544,12,1,Ширяев Алексей Елизарович
2840,2840,100,37.81037401269391,10,0,Федотов Стоян Ааронович
2841,2841,60,62.27612929808102,10,11,Ефимов Юлий Адрианович
2842,2842,6,39.14532230041405,8,0,Виталий Харламович Денисов
2843,2843,66,44.13507661453556,2,3,Симонов Панфил Еремеевич
2844,2844,134,57.13926418546019,8,8,Митофан Ааронович Меркушев
2845,2845,94,44.980454246484925,8,9,Шилов Сидор Григорьевич
2846,2846,23,46.11974507328894,2,2,Федосий Чеславович Киселев
2847,2847,3,49.11940562542876,8,3,Комарова Маргарита Никифоровна
2848,2848,48,86.05978897089304,27,10,Алла Васильевна Карпова
2849,2849,27,60.01307659647284,8,1,Шарова Алевтина Вениаминовна
2850,2850,18,40.22708605262212,8,5,Дарья Антоновна Мухина
2851,2851,85,41.87657497246192,6,7,Федотов Мариан Архипович
2852,2852,67,50.92721328760823,6,6,Степанова Людмила Богдановна
2853,2853,0,48.662367889672254,5,8,Кудряшова Прасковья Геннадьевна
2854,2854,59,74.4829811074544,14,5,Беспалов Михей Алексеевич
2855,2855,52,61.06147763638469,4,5,Моисеев Арсений Венедиктович
2856,2856,88,44.556478064609415,9,9,Екатерина Захаровна Русакова
2857,2857,100,104.76902158523696,4,0,Филимон Брониславович Никифоров
2858,2858,1,87.84414357626336,2,1,Носков Доброслав Владленович
2859,2859,27,55.29359620262454,7,0,Тамара Харитоновна Шилова
2860,2860,1,44.20441793096206,6,1,Евсеев Ратмир Харламович
2861,2861,37,48.22805450063131,5,3,Марфа Яковлевна Мясникова
2862,2862,51,53.13597275471596,11,8,Элеонора Дмитриевна Дмитриева
2863,2863,23,42.523810424419736,2,2,Логинов Аристарх Юльевич
2864,2864,1,83.65077252278202,18,1,Некрасова Елизавета Даниловна
2865,2865,130,78.11088691333859,5,11,Святослав Гертрудович Пахомов
2866,2866,44,103.3571253543642,15,1,Агата Тимуровна Некрасова
2867,2867,1,54.83116009034747,17,1,Михей Ермилович Сафонов
2868,2868,11,32.10180429213698,11,1,Татьяна Рубеновна Захарова
2869,2869,94,42.36240216437098,13,9,София Семеновна Зайцева
2870,2870,34,83.59044601487489,16,11,Герасимов Никита Адрианович
2871,2871,126,39.86170694676967,9,0,Бобров Федор Иосипович
2872,2872,9,78.56566366572414,4,4,Устинова Антонина Сергеевна
2873,2873,52,65.4848893020894,15,5,Евстигней Тарасович Куликов
2874,2874,1,40.86004103830298,4,1,Савельев Адриан Дмитриевич
2875,2875,25,61.874668978233935,15,11,Станимир Тимурович Агафонов
2876,2876,9,56.83581067032262,7,4,Субботин Антип Виленович
2877,2877,1,83.26074270647305,15,1,Фадей Якубович Поляков
2878,2878,187,40.5222992744156,4,4,Будимир Геннадиевич Назаров
2879,2879,9,43.591764157150735,6,4,Арефий Демидович Исаев
2880,2880,10,38.21350640352911,8,6,Артем Харламович Галкин
2881,2881,23,148.17902587358438,1,0,Агафья Яковлевна Кириллова
2882,2882,52,42.03685098204588,12,5,Галина Харитоновна Федотова
2883,2883,45,51.767198242506815,9,2,Сысоева Синклитикия Оскаровна
2884,2884,27,39.63983934814351,6,1,Петухова Таисия Дмитриевна
2885,2885,87,35.741365570777845,11,6,Анжелика Яковлевна Громова
2886,2886,52,54.93797179436879,3,5,Гусева Полина Аркадьевна
2887,2887,27,58.52109787617265,4,0,Третьякова Ульяна Рудольфовна
2888,2888,46,58.35147006033073,4,1,Ульяна Сергеевна Орлова
2889,2889,7,33.715741495465466,2,3,Ангелина Аркадьевна Терентьева
2890,2890,83,116.7289530611688,15,4,Моисеев Яков Евстигнеевич
2891,2891,46,47.692764946446594,4,5,Нинель Борисовна Наумова
2892,2892,4,73.89573747137098,6,0,Егорова Евдокия Николаевна
2893,2893,84,37.51277228632426,8,6,Светлана Ниловна Соболева
2894,2894,61,41.86489695503059,2,9,Ковалева Татьяна Вениаминовна
2895,2895,1,67.27760680674035,10,1,Адам Валентинович Ситников
2896,2896,8,44.538858297412325,5,4,Радован Игнатович Александров
2897,2897,90,40.5404345405822,10,3,Филипп Игоревич Кузнецов
2898,2898,58,37.68642566602421,2,5,Анжела Тарасовна Овчинникова
2899,2899,27,82.85753362707085,5,0,Суханов Куприян Демьянович
2900,2900,61,56.559033397305335,6,9,Казимир Августович Богданов
2901,2901,78,34.108763435613994,3,4,Фома Филиппович Козлов
2902,2902,120,96.73098524939492,4,3,Котов Елисей Георгиевич
2903,2903,27,41.72898546772821,11,0,Туров Ермолай Валерианович
2904,2904,1,65.82218828518782,3,1,Влас Давыдович Силин
2905,2905,30,92.33892463058496,4,23,Милован Зиновьевич Ефремов
2906,2906,6,43.61343183013236,3,0,Попов Болеслав Феликсович
2907,2907,1,53.47263141299295,16,1,Степан Артурович Щербаков
2908,2908,8,85.3866683369689,8,5,Анисимов Доброслав Ефремович
2909,2909,1,85.84933953218057,6,1,Кирилл Эдуардович Марков
2910,2910,8,38.75485789027038,12,5,Андреева Варвара Кузьминична
2911,2911,27,36.451567452740775,16,0,Ананий Адамович Андреев
2912,2912,11,63.27642611326346,5,4,Туров Софрон Демидович
2913,2913,128,40.45384964828328,11,8,Маргарита Юрьевна Воронова
2914,2914,28,49.43134112412743,3,5,Логинова Феврония Викторовна
2915,2915,168,46.86822678046732,9,11,Светлана Богдановна Исаева
2916,2916,72,97.49067390735364,22,0,Людмила Кузьминична Панова
2917,2917,104,62.08635325539438,9,7,Гришина Клавдия Яковлевна
2918,2918,87,53.881482600419226,10,6,Вишнякова Иванна Тимуровна
2919,2919,130,32.836842408858715,3,3,Ксения Геннадьевна Горбунова
2920,2920,38,90.34856989984762,15,7,Оксана Валериевна Никитина
2921,2921,53,53.24602467850172,18,10,Воронова Оксана Викторовна
2922,2922,111,47.28560348036652,3,11,Оксана Олеговна Афанасьева
2923,2923,26,35.20946272501227,15,2,Горбунова Ия Руслановна
2924,2924,130,49.27917096558171,2,3,Климент Феофанович Гусев
2925,2925,39,47.02199965641108,12,2,Ефимов Ираклий Владленович
2926,2926,62,38.00597485855464,13,0,Кузьмин Бронислав Арсеньевич
2927,2927,111,53.86063080274344,4,4,Роман Харлампьевич Суворов
2928,2928,21,39.42480488562265,5,4,Колесников Корнил Устинович
2929,2929,13,86.95742618438777,14,15,Нина Борисовна Бирюкова
2930,2930,11,82.7156304109094,4,2,Евфросиния Аркадьевна Филатова
2931,2931,208,53.121382789700895,7,4,Конон Архипович Самойлов
2932,2932,6,43.612945391548216,11,0,Соловьев Изот Валерьевич
2933,2933,95,68.17892106811527,6,11,Анжелика Викторовна Беспалова
2934,2934,85,105.44359206967128,11,0,Глафира Альбертовна Игнатова
2935,2935,23,66.79384078575626,19,2,Антонин Харламович Иванов
2936,2936,6,54.8435468727556,12,0,Бобров Богдан Арсеньевич
2937,2937,53,33.25897403569005,6,10,Мартынов Степан Якубович
2938,2938,34,97.4505548172558,6,11,Борислав Владленович Ершов
2939,2939,106,62.9145604148697,5,3,Гришин Изяслав Богданович
2940,2940,34,81.65297916244407,5,11,Фомичева Ангелина Артемовна
2941,2941,11,58.63180649794638,4,1,Беляев Афиноген Елисеевич
2942,2942,6,61.3567616557273,9,0,Надежда Львовна Некрасова
2943,2943,8,68.51354878056793,2,5,Казакова Вера Анатольевна
2944,2944,7,65.98028786505618,6,9,Хохлов Тит Феликсович
2945,2945,26,77.62114424847988,11,2,Жанна Ефимовна Кошелева
2946,2946,28,39.56278681564322,13,2,Блохина Вероника Антоновна
2947,2947,90,54.068176107203286,13,3,Октябрина Ефимовна Коновалова
2948,2948,187,40.07577725014988,8,4,Вероника Константиновна Гришина
2949,2949,1,42.02378007271911,14,1,г-н Назаров Мирон Ильич
2950,2950,2,57.32524054744384,17,9,Селезнева Нина Геннадьевна
2951,2951,46,31.911399961486406,4,1,Марков Олимпий Артемьевич
2952,2952,6,62.00759770244598,3,0,Захаров Варлаам Иларионович
2953,2953,34,38.549004460009066,7,11,Селезнева Агата Вениаминовна
2954,2954,101,44.79609229918463,6,5,Шаров Евграф Ерофеевич
2955,2955,23,43.23878262224986,12,2,Алина Викторовна Шубина
2956,2956,12,40.801842789556375,16,15,Соловьев Фрол Елизарович
2957,2957,62,86.221496329231,3,0,Прокофий Витальевич Комиссаров
2958,2958,105,44.62135890297108,8,1,Попов Петр Димитриевич
2959,2959,139,66.74479794711398,2,0,Евфросиния Рудольфовна Красильникова
2960,2960,67,59.26320348589108,6,6,Юлиан Филиппович Филатов
2961,2961,99,69.98245262883597,4,8,Самсонов Софрон Даниилович
2962,2962,67,50.91997772381154,5,6,Ярослав Феоктистович Николаев
2963,2963,1,42.95016935388365,11,1,Прасковья Макаровна Голубева
2964,2964,62,42.52993378226856,10,0,Михаил Изотович Шарапов
2965,2965,9,65.71216909861322,9,4,Пелагея Ниловна Емельянова
2966,2966,86,39.47466206652426,5,7,Тихонова Ольга Станиславовна
2967,2967,53,60.72136128118183,13,3,Беляков Варлаам Ильич
2968,2968,96,54.45609560470833,7,4,Пестов Лонгин Юлианович
2969,2969,62,114.7344730613148,3,0,Эмиль Филатович Новиков
2970,2970,46,55.35041258075493,1,1,Сидоров Святослав Виленович
2971,2971,61,56.2963283644453,4,9,Алла Алексеевна Некрасова
2972,2972,129,67.60930413751281,11,0,Евсеев Давыд Аксёнович
2973,2973,93,38.83350640864066,9,0,Онуфрий Захарьевич Лобанов
2974,2974,62,89.57360049366046,10,0,Воронов Гремислав Ануфриевич
2975,2975,27,52.29677006460333,3,0,Виссарион Юлианович Константинов
2976,2976,96,88.8859748631395,25,4,Евдокимов Филимон Власович
2977,2977,52,79.75633067347894,15,5,Селиверстова Александра Николаевна
2978,2978,10,64.62383816867614,13,11,Зиновий Иосифович Веселов
2979,2979,75,34.68361998667894,5,0,Панкратий Ануфриевич Гордеев
2980,2980,1,41.35514677490962,4,1,Белов Чеслав Изотович
2981,2981,120,47.0914143209495,11,11,Фёкла Ефимовна Савельева
2982,2982,115,55.37249515924485,2,5,Абрамова Раиса Евгеньевна
2983,2983,113,45.86486898344408,7,7,Екатерина Рубеновна Евсеева
2984,2984,17,79.93304354859805,7,9,Михеев Софон Глебович
2985,2985,23,30.15234757644228,5,0,Христофор Валерьянович Гущин
2986,2986,17,61.58495047449109,9,1,Куликова Дарья Сергеевна
2987,2987,29,55.88505180890127,2,0,Прасковья Святославовна Журавлева
2988,2988,44,58.28631937645277,1,3,Фокина Алла Анатольевна
2989,2989,30,42.19456992980356,10,23,Антонина Петровна Кудрявцева
2990,2990,6,64.3936227602722,17,0,Зинаида Наумовна Журавлева
2991,2991,28,36.43828352278007,6,0,Евдоким Георгиевич Назаров
2992,2992,6,65.40996541571896,18,0,Савельев Прохор Исидорович
2993,2993,85,41.866190682115615,6,7,Иван Власович Колобов
2994,2994,128,55.35845511803226,3,8,Горбунов Тит Чеславович
2995,2995,27,65.68700488826613,9,0,Евдокимов Ираклий Исидорович
2996,2996,100,45.68471611437051,10,0,Любосмысл Геннадиевич Колобов
2997,2997,61,42.61433490945397,1,9,Епифан Арсеньевич Бобров
2998,2998,84,70.51510519052181,6,1,Лукин Геннадий Германович
2999,2999,6,43.07511457431435,15,0,Василиса Рудольфовна Колобова
3000,3000,137,64.87731920171656,8,0,Комарова Надежда Болеславовна
3001,3001,13,42.66047891122958,14,15,Русакова Полина Григорьевна
3002,3002,113,68.07179819073525,23,1,г-жа Алексеева Синклитикия Вадимовна
3003,3003,124,84.89575558751469,4,5,Мир Владиленович Котов
3004,3004,44,46.20955858885337,3,3,Аникей Вячеславович Блохин
3005,3005,89,73.91661867423855,4,1,Ананий Герасимович Фадеев
3006,3006,90,42.50704505940124,13,2,Рогов Григорий Еремеевич
3007,3007,84,54.94966163547341,2,6,Овчинникова Марина Феликсовна
3008,3008,11,32.38399866870873,10,1,Зиновьев Рюрик Юльевич
3009,3009,27,43.154322020210046,13,1,Антонина Кузьминична Пахомова
3010,3010,6,56.05582369912198,5,0,Нонна Васильевна Шарова
3011,3011,9,86.39225746235792,6,4,Екатерина Рубеновна Лыткина
3012,3012,13,55.83274983727722,19,15,Буров Онуфрий Абрамович
3013,3013,96,38.625070838717214,16,4,Титов Исидор Фролович
3014,3014,27,32.4817989495938,10,0,Чернова Алевтина Петровна
3015,3015,21,59.10125838361757,6,4,Элеонора Егоровна Гуляева
3016,3016,6,44.965492308416856,5,0,Уварова Елена Ивановна
3017,3017,3,74.70569457573798,9,2,Парамон Ефимович Гущин
3018,3018,5,45.98924972945228,7,5,Пантелеймон Чеславович Афанасьев
3019,3019,178,82.62371655423125,3,5,Нестор Владленович Бобров
3020,3020,93,39.458272695936834,5,3,Рогова Елизавета Никифоровна
3021,3021,14,36.79657021908152,12,5,Евсей Артемьевич Степанов
3022,3022,9,43.2594507708282,13,4,Валерия Аскольдовна Жданова
3023,3023,27,29.56342825938302,12,1,г-н Пахомов Гордей Елисеевич
3024,3024,27,39.86163397228383,7,0,Светлана Филипповна Емельянова
3025,3025,67,47.65600924049457,4,6,Зуев Мартын Васильевич
3026,3026,169,78.1194995508333,4,5,Светлана Аркадьевна Щукина
3027,3027,13,41.83883312976549,8,15,Петр Алексеевич Елисеев
3028,3028,27,37.7229747409679,16,1,Нонна Борисовна Якушева
3029,3029,152,39.12200741131743,8,5,Лихачева Синклитикия Вадимовна
3030,3030,48,39.09871199097033,2,10,Борис Дорофеевич Кулаков
3031,3031,22,64.45514931774632,7,0,Кононов Лавр Харитонович
3032,3032,63,46.32340690649398,5,6,Панкрат Харлампьевич Дементьев
3033,3033,27,35.41419324181087,3,4,Агафья Павловна Кириллова
3034,3034,45,45.85759295255153,3,3,Олимпиада Васильевна Алексеева
3035,3035,1,42.37511579226775,16,1,Таисия Тимофеевна Осипова
3036,3036,23,42.60304329412371,8,2,Макар Адрианович Щербаков
3037,3037,27,41.67496410586427,14,1,Прохоров Алексей Артемьевич
3038,3038,109,62.38870982160592,14,6,Юдин Феликс Захарьевич
3039,3039,23,77.59831601948049,9,2,Агафонов Вячеслав Владиславович
3040,3040,7,76.01297946065344,14,3,Козлова Светлана Павловна
3041,3041,41,69.39118903405328,12,3,Панфилов Онуфрий Исидорович
3042,3042,48,97.66491200311164,16,10,Тетерин Ефим Федосьевич
3043,3043,114,33.9896519333877,5,0,Аксенова Виктория Захаровна
3044,3044,100,69.82363640389885,2,0,Самуил Анисимович Анисимов
3045,3045,27,40.28883286353812,11,1,Валерия Альбертовна Карпова
3046,3046,33,66.16018609297618,6,10,Евфросиния Павловна Белоусова
3047,3047,3,51.23135120549297,13,2,Евгения Анатольевна Кононова
3048,3048,133,65.39927234193178,1,8,Полина Максимовна Владимирова
3049,3049,80,56.09358670157533,16,5,Макарова Майя Валериевна
3050,3050,123,56.29543455872323,5,5,Алла Ефимовна Комарова
3051,3051,101,38.9460864913863,4,2,Семенов Януарий Филимонович
3052,3052,59,59.838718801912265,24,6,Яковлева Агафья Богдановна
3053,3053,1,80.9506346503385,13,1,Михайлова Эмилия Эльдаровна
3054,3054,27,42.65635852209922,12,0,Исидор Трофимович Орехов
3055,3055,94,32.5103693239714,7,9,Анжела Макаровна Семенова
3056,3056,27,42.664818401531264,2,4,Наталья Тимуровна Павлова
3057,3057,44,55.51354406891073,3,1,Раиса Ниловна Лебедева
3058,3058,62,44.92663869789054,14,0,Лора Григорьевна Ширяева
3059,3059,59,46.90181440737498,13,5,Дмитриева Ульяна Борисовна
3060,3060,38,98.41264608389902,7,7,Селиван Ермилович Ковалев
3061,3061,99,74.52176035298095,11,8,Калинин Поликарп Ильич
3062,3062,9,39.29735680871521,19,1,Зиновьева Алла Аскольдовна
3063,3063,24,51.95462339392254,13,3,Панова Нонна Вячеславовна
3064,3064,44,59.44946491912493,4,1,Аполлон Иосипович Шилов
3065,3065,12,41.24541236310733,10,15,Сидоров Ананий Эдгардович
3066,3066,90,48.40757225458634,5,2,Фирс Виленович Лазарев
3067,3067,91,45.47958672765236,5,0,Куликова Вероника Архиповна
3068,3068,27,56.54511809933107,7,0,Некрасов Артем Антонович
3069,3069,46,46.06936027243878,7,5,Клавдия Васильевна Тихонова
3070,3070,9,52.30065922365455,17,1,Лука Зиновьевич Хохлов
3071,3071,17,72.82090193885384,7,2,Ярослав Антонович Архипов
3072,3072,54,74.74730323868683,7,6,Евфросиния Семеновна Фомина
3073,3073,111,39.081341429431056,4,4,Алевтина Феликсовна Сергеева
3074,3074,48,53.78915958597466,11,10,Надежда Захаровна Александрова
3075,3075,119,54.56941299770355,5,5,Лора Семеновна Тихонова
3076,3076,91,46.71934652768452,7,0,Зосима Денисович Гусев
3077,3077,108,37.883574768101546,9,1,Дорофеев Василий Теймуразович
3078,3078,59,44.34720204880573,9,5,Феликс Ермолаевич Красильников
3079,3079,1,67.75583463122534,8,1,Ферапонт Эдуардович Куликов
3080,3080,67,36.117891586146406,10,6,Марина Юльевна Тихонова
3081,3081,58,80.82693357515306,6,1,Софон Валерьянович Елисеев
3082,3082,27,43.52812943147144,8,0,Ираклий Антонович Ширяев
3083,3083,6,38.38558369992456,3,0,Поликарп Юльевич Михеев
3084,3084,112,20.213127721198223,5,2,Комаров Спиридон Харлампьевич
3085,3085,6,83.71812562465013,6,0,Анастасия Тимофеевна Кулагина
3086,3086,52,81.43962209034126,17,5,Савельев Христофор Афанасьевич
3087,3087,28,31.69563090943785,9,0,Кузьма Фёдорович Миронов
3088,3088,23,63.58996099292201,5,2,Татьяна Олеговна Савина
3089,3089,88,44.65291105382333,10,9,Никандр Терентьевич Русаков
3090,3090,105,34.5718040690236,8,2,Прасковья Ждановна Дементьева
3091,3091,32,33.78220666121041,9,11,Романова Татьяна Владиславовна
3092,3092,27,55.88311248289909,12,0,Селиверст Жоресович Козлов
3093,3093,47,38.623489687861,6,1,Смирнов Феликс Измаилович
3094,3094,32,77.10149616633085,9,11,Ирина Леонидовна Кулакова
3095,3095,54,68.1737118108027,1,6,Фрол Елизарович Щербаков
3096,3096,1,79.21001117192617,7,1,Елена Анатольевна Евсеева
3097,3097,35,46.28719469006386,13,11,Ермолай Давидович Белозеров
3098,3098,58,56.07258223016439,4,5,Гурьева Александра Аскольдовна
3099,3099,96,39.583737685876514,8,4,Вишняков Руслан Тарасович
3100,3100,27,45.202791907000346,6,0,Зуев Никандр Андреевич
3101,3101,121,47.54575253012011,1,7,Герасимова Регина Алексеевна
3102,3102,96,42.47670243775755,5,4,Лидия Михайловна Костина
3103,3103,177,74.17227960420624,4,2,Дарья Васильевна Федотова
3104,3104,30,54.45112536720819,10,23,Людмила Альбертовна Коновалова
3105,3105,67,88.04193013555123,16,4,Чернова Анна Владимировна
3106,3106,30,40.36207982842468,17,23,Гордеева София Павловна
3107,3107,23,33.56089122560992,8,0,Зайцева Лидия Рудольфовна
3108,3108,13,44.03756392280616,5,15,Фирс Владиславович Кириллов
3109,3109,2,59.05677092061824,4,6,Кононова Светлана Афанасьевна
3110,3110,130,56.45227383408976,7,11,Доронина Мария Эльдаровна
3111,3111,59,40.35464586538741,2,6,Нинель Артемовна Красильникова
3112,3112,1,61.7345606372653,8,1,Борис Архипович Ефимов
3113,3113,59,50.3918142242363,8,5,Октябрина Михайловна Емельянова
3114,3114,30,75.63255556596535,4,23,Мстислав Бориславович Зуев
3115,3115,27,59.7145897678988,5,0,Сильвестр Германович Кузнецов
3116,3116,107,81.36600634470604,6,3,Колесникова Оксана Владимировна
3117,3117,38,46.3188472439622,15,7,Захаров Аполлинарий Даниилович
3118,3118,132,65.8691197490201,8,19,Элеонора Ниловна Веселова
3119,3119,101,32.93743350454994,7,2,Варвара Георгиевна Некрасова
3120,3120,6,44.6475527581195,19,0,Дарья Вадимовна Авдеева
3121,3121,1,64.97178511028459,19,1,Шарова Любовь Ивановна
3122,3122,96,58.99355814905813,9,4,Куликова Феврония Эльдаровна
3123,3123,147,41.52581374969844,5,8,Дементьев Павел Фадеевич
3124,3124,66,43.73631645956973,9,3,Дарья Альбертовна Кузнецова
3125,3125,25,75.96440189461202,2,11,Алексеев Тихон Тарасович
3126,3126,22,68.77829383326376,4,0,Маслов Иларион Фадеевич
3127,3127,52,33.481414369667576,10,5,Флорентин Венедиктович Гусев
3128,3128,7,59.46691916844983,18,9,Наумов Лавр Феоктистович
3129,3129,111,44.34915818303492,5,4,Боян Иосипович Романов
3130,3130,13,40.2702223951337,5,15,Юлия Болеславовна Соколова
3131,3131,30,37.59386618111414,3,23,Одинцова Пелагея Львовна
3132,3132,30,42.06277176156735,10,23,Виноградов Самуил Тихонович
3133,3133,2,74.19904875578756,5,3,Аверкий Иосифович Ершов
3134,3134,54,38.13795606793931,8,6,Сигизмунд Гавриилович Панов
3135,3135,45,66.67957791873144,15,2,Меркушева Нина Семеновна
3136,3136,1,77.56325668408144,4,1,Степанова Кира Рудольфовна
3137,3137,53,40.65549933910779,18,3,Зуев Онуфрий Ерофеевич
3138,3138,23,30.190297488063845,8,0,Олимпиада Романовна Шарапова
3139,3139,27,38.85688979182382,17,0,Веселов Афиноген Давидович
3140,3140,69,54.88593177280395,5,9,Галина Робертовна Симонова
3141,3141,63,50.15487279331461,14,6,Элеонора Николаевна Киселева
3142,3142,9,60.98708450539655,5,4,Ильин Игорь Августович
3143,3143,6,53.318735328883335,6,0,Доброслав Арсеньевич Зыков
3144,3144,62,54.1013228950028,4,0,Соболев Авксентий Борисович
3145,3145,9,54.0293926224622,7,4,Изот Исидорович Мишин
3146,3146,8,38.874464644577074,11,4,Воронова Евфросиния Семеновна
3147,3147,123,75.93979664656275,7,4,Прохоров Панкрат Фёдорович
3148,3148,23,66.03304500970015,9,0,Ольга Робертовна Лебедева
3149,3149,74,33.25001309985134,3,5,Симон Теймуразович Гущин
3150,3150,113,40.87055115007058,11,1,Логинов Моисей Даниилович
3151,3151,27,37.53039619314441,3,0,Туров Парфен Григорьевич
3152,3152,18,40.4898419889715,5,5,Мельников Андрон Устинович
3153,3153,145,55.9506522751074,11,5,Григорьева Раиса Евгеньевна
3154,3154,13,40.78958099731015,7,15,Лыткин Исай Теймуразович
3155,3155,111,63.952771499427456,8,11,Варвара Даниловна Беляева
3156,3156,69,80.12630122421083,15,9,Лукьян Даниилович Горшков
3157,3157,19,58.31700526909887,22,9,Ефимова Прасковья Богдановна
3158,3158,6,61.54702761199494,9,0,г-жа Фомичева Ирина Юльевна
3159,3159,93,78.26453604633365,7,3,Наина Константиновна Назарова
3160,3160,72,65.2682581978848,5,0,Самсонов Юлиан Гаврилович
3161,3161,57,61.97995201755483,3,4,Чернова Виктория Вадимовна
3162,3162,113,36.86761010521433,1,1,Воробьева Ольга Леонидовна
3163,3163,58,66.35728841460525,3,5,Голубева Александра Захаровна
3164,3164,1,63.555229172357336,9,1,Олимпиада Андреевна Суханова
3165,3165,21,53.96589897828773,19,4,Александра Мироновна Самсонова
3166,3166,150,17.046187516471182,7,9,Доронин Тихон Елизарович
3167,3167,48,40.46922408213323,19,10,Пестова Ия Константиновна
3168,3168,23,76.1262742163286,10,2,Дементьева Нонна Петровна
3169,3169,120,98.11468147665067,15,3,Князев Арефий Георгиевич
3170,3170,27,38.73793051716,14,4,Макарова Вера Ивановна
3171,3171,27,82.69673154128053,14,0,Бобров Сидор Федотович
3172,3172,27,38.14086553923047,12,0,Кира Романовна Родионова
3173,3173,29,35.0421790959032,5,1,Комаров Спартак Брониславович
3174,3174,28,45.16373044524129,3,0,Вячеслав Фёдорович Ефимов
3175,3175,8,52.25791478470514,8,2,Аполлон Иосифович Морозов
3176,3176,21,33.81890427659867,10,5,Кузьмин Казимир Иларионович
3177,3177,67,52.46662680308231,5,4,Колесников Святослав Глебович
3178,3178,173,66.23555392168586,6,4,Макарова Анжела Оскаровна
3179,3179,25,52.24801300255671,6,11,Степанов Захар Васильевич
3180,3180,44,48.68480716964468,11,3,Воробьева Екатерина Петровна
3181,3181,23,41.34113568837863,4,0,Василиса Ждановна Романова
3182,3182,53,38.105017719065344,3,10,Валерия Руслановна Русакова
3183,3183,23,135.1642311063573,2,0,Агата Богдановна Киселева
3184,3184,44,51.99488855770154,5,0,Устинов Радован Глебович
3185,3185,27,37.645820210072415,4,1,Вишнякова Анастасия Захаровна
3186,3186,27,44.15361938638872,5,0,Мельникова Фёкла Филипповна
3187,3187,6,48.75773310529987,16,0,Рябова Елизавета Вениаминовна
3188,3188,52,64.51520710288801,9,5,Сергей Герасимович Якушев
3189,3189,70,55.37441988203647,11,5,Алина Натановна Филатова
3190,3190,23,30.806584597827257,2,0,Потапов Антонин Авдеевич
3191,3191,111,31.64958147185561,1,6,Овчинников Станислав Демьянович
3192,3192,47,40.71965287263829,6,16,Гришин Филимон Ярославович
3193,3193,93,47.56444337054507,9,3,Маслова Елена Антоновна
3194,3194,6,53.39269991707995,7,0,Фомичева Екатерина Валентиновна
3195,3195,27,39.01083585194189,12,1,Евпраксия Валериевна Ермакова
3196,3196,69,79.241120502054,15,9,Федосеев Венедикт Анисимович
3197,3197,94,54.69426949377282,8,6,Фаина Аркадьевна Капустина
3198,3198,8,32.330333302772885,8,4,Казаков Варфоломей Гавриилович
3199,3199,129,53.98995387267331,7,5,тов. Гаврилова Глафира Станиславовна
3200,3200,1,40.63146001960157,17,1,Прокл Антипович Логинов
3201,3201,128,74.97657181327205,2,8,Орлов Твердислав Артёмович
3202,3202,75,43.92273521678444,5,5,Юдин Елизар Вячеславович
3203,3203,96,39.22879467501645,2,4,Иосиф Владиславович Лазарев
3204,3204,66,46.29737422409241,13,7,Эмилия Никифоровна Крюкова
3205,3205,52,67.97220540381187,13,5,Русакова Зоя Константиновна
3206,3206,94,64.28506724828556,16,6,Светозар Всеволодович Павлов
3207,3207,61,57.54116208983821,9,9,Жданов Любим Евстигнеевич
3208,3208,119,55.21318159197818,3,5,Никифорова Татьяна Павловна
3209,3209,1,61.12303072263193,15,1,Устинов Автоном Давидович
3210,3210,70,50.33710217441808,18,4,Савина Алла Ефимовна
3211,3211,23,58.63486587397398,5,2,Юлиан Арсенович Никифоров
3212,3212,37,45.57479661015466,6,3,Давыдов Тимур Филиппович
3213,3213,101,46.41638144536218,5,2,Горшков Савватий Александрович
3214,3214,85,54.02465453948424,11,7,Жданова Синклитикия Мироновна
3215,3215,23,31.126747536827928,11,0,Терентьева Нонна Станиславовна
3216,3216,27,61.46971625866469,5,0,Колобов Леонид Архипович
3217,3217,105,75.77598837693716,5,1,Гурьева Василиса Максимовна
3218,3218,113,46.70536377545421,2,7,Лаврентьева Октябрина Ниловна
3219,3219,114,32.33268639894296,3,0,Мельников Фотий Иларионович
3220,3220,99,34.23045846084477,7,8,Кулаков Мечислав Юльевич
3221,3221,110,37.5472702842621,9,8,Аверьян Ярославович Журавлев
3222,3222,5,43.1520679365497,1,5,Орест Данилович Пономарев
3223,3223,61,72.75823851202937,4,9,Евпраксия Оскаровна Алексеева
3224,3224,62,55.28081986064991,7,0,Регина Харитоновна Зиновьева
3225,3225,37,42.769906106380304,2,3,Владимир Еремеевич Гуляев
3226,3226,99,65.62517845416716,10,8,Иларион Елизарович Ильин
3227,3227,9,39.273009215677774,2,1,Ильина Наина Львовна
3228,3228,26,117.71455103699682,17,2,Петухова Евдокия Святославовна
3229,3229,49,40.8298553159804,4,5,Екатерина Аскольдовна Субботина
3230,3230,37,58.40527503100288,12,3,Веселов Анисим Федосеевич
3231,3231,27,85.34523314948923,13,0,Вишнякова Нина Дмитриевна
3232,3232,90,58.8891728796043,4,3,Валерий Ермолаевич Калинин
3233,3233,6,38.77000948849199,17,0,Шаров Харитон Жанович
3234,3234,194,92.18395214820876,4,3,Максимов Авдей Якубович
3235,3235,10,62.58350145008118,1,11,тов. Герасимова Галина Владимировна
3236,3236,101,44.83212460780065,4,2,Элеонора Валериевна Потапова
3237,3237,46,37.899786545203845,10,1,Наталья Вячеславовна Николаева
3238,3238,34,86.3405876216199,23,11,Любовь Леоновна Фокина
3239,3239,66,30.75953958168996,17,3,Клавдия Вениаминовна Смирнова
3240,3240,88,40.37262129184163,15,9,Зайцева Надежда Тимофеевна
3241,3241,66,33.55997900309126,4,3,Артемьева Феврония Григорьевна
3242,3242,120,57.300257272154816,17,3,Савельева Иванна Вениаминовна
3243,3243,109,65.8751019261082,19,6,Валерия Семеновна Калашникова
3244,3244,23,57.36383787811992,3,0,Евдоким Терентьевич Калинин
3245,3245,18,40.76598422914002,2,5,Сильвестр Алексеевич Котов
3246,3246,127,35.55126477816215,3,6,Мартын Иосифович Комиссаров
3247,3247,53,47.72799961365304,1,3,Лукьян Афанасьевич Артемьев
3248,3248,85,59.75934137861014,6,7,Лаврентий Эдуардович Юдин
3249,3249,17,57.03599600077772,6,1,Лора Вениаминовна Русакова
3250,3250,37,42.900365607522765,14,5,Нестеров Федосий Федосьевич
3251,3251,23,54.35462435230073,4,0,Натан Викентьевич Давыдов
3252,3252,59,65.04393558318965,2,6,Якушева Элеонора Васильевна
3253,3253,52,45.17973695949803,18,5,Мария Ивановна Петрова
3254,3254,6,46.16057600994112,14,0,Анжела Петровна Блинова
3255,3255,29,34.99805858888384,5,0,Кудряшова Лора Юльевна
3256,3256,96,85.93617060557894,14,4,Ладислав Антонович Абрамов
3257,3257,29,44.30807907177439,3,2,Сидорова Юлия Константиновна
3258,3258,6,38.50640717439108,9,0,Харитонова Наталья Филипповна
3259,3259,6,48.74921761068063,8,0,Мухина Антонина Васильевна
3260,3260,23,160.6475883837853,3,0,Хохлова Оксана Эдуардовна
3261,3261,81,47.39929422748448,7,6,Воробьев Ян Аксёнович
3262,3262,67,32.661301190960785,3,6,Элеонора Кузьминична Ефимова
3263,3263,1,66.03302185096128,3,1,Кулакова Лора Оскаровна
3264,3264,88,34.481866711737645,8,9,Валерий Адрианович Прохоров
3265,3265,46,31.841168495377687,1,5,Галина Эльдаровна Фомина
3266,3266,79,42.205421285803226,20,5,Колесникова Евгения Эльдаровна
3267,3267,7,45.945167940776216,5,9,Вера Валериевна Козлова
3268,3268,34,121.5774234473496,25,11,Гришин Олег Афанасьевич
3269,3269,57,47.01858108133978,6,4,Фокин Авдей Яковлевич
3270,3270,6,48.105228198236304,16,0,Кулагин Емельян Арсенович
3271,3271,27,42.00329332353966,5,0,Козлов Фадей Теймуразович
3272,3272,19,66.5282004701069,10,6,Лора Алексеевна Игнатова
3273,3273,8,41.72439128048997,2,5,Русакова Антонина Захаровна
3274,3274,91,38.22758279419987,4,0,Соловьева Нонна Рудольфовна
3275,3275,99,41.279802166428645,9,4,Захар Аверьянович Жданов
3276,3276,9,38.46080747913914,5,11,Гусев Станислав Игнатович
3277,3277,21,78.55301480564889,3,5,Кириллов Каллистрат Фёдорович
3278,3278,27,38.1611778227419,7,1,Исаев Вацлав Жанович
3279,3279,71,53.469433208148345,4,0,Иван Авдеевич Федотов
3280,3280,27,4.3807258210254005,10,1,Валерьян Ильясович Петров
3281,3281,13,47.42149326946333,9,15,Максимова Акулина Александровна
3282,3282,74,71.06185373681835,3,2,Добромысл Чеславович Лобанов
3283,3283,19,78.77844360361523,7,9,Аникей Ярославович Антонов
3284,3284,55,78.82435569270864,10,4,Тетерин Харитон Игоревич
3285,3285,111,49.25113723483299,4,11,Баранов Кир Димитриевич
3286,3286,27,67.85660048761633,12,0,Александра Эльдаровна Тарасова
3287,3287,47,52.466462878017936,5,3,Власов Остромир Андреевич
3288,3288,94,36.990846406422136,9,0,Бирюков Валерий Дорофеевич
3289,3289,62,105.1404421962592,9,0,Лапина Марфа Игоревна
3290,3290,27,38.98449069122291,9,0,Марина Ефимовна Белова
3291,3291,23,65.5983259014652,5,0,Селиверст Афанасьевич Наумов
3292,3292,6,52.81792278866687,4,0,Петр Измаилович Богданов
3293,3293,105,48.60510587836389,13,1,Игорь Ефстафьевич Комиссаров
3294,3294,93,40.422991819162974,7,3,г-жа Захарова Таисия Феликсовна
3295,3295,62,73.27701000352207,8,0,Мстислав Данилович Евдокимов
3296,3296,21,36.14819786791131,9,5,Любовь Эдуардовна Соловьева
3297,3297,1,66.15145986096162,18,1,Мухин Елизар Аверьянович
3298,3298,6,64.08326750186569,2,0,Радислав Давидович Попов
3299,3299,34,65.23539532668903,8,11,Евгения Станиславовна Исакова
3300,3300,30,55.81705690582764,2,23,София Петровна Капустина
3301,3301,9,46.6346762193564,6,4,Крюкова Валерия Болеславовна
3302,3302,23,51.76788768356437,3,0,Воронова Людмила Феликсовна
3303,3303,178,92.97058063588592,7,5,Денисов Панкрат Евстигнеевич
3304,3304,48,96.67812684918508,19,10,Олимпиада Робертовна Жданова
3305,3305,66,78.74785283645188,2,7,Эмилия Леоновна Сафонова
3306,3306,34,84.74656348504392,8,11,Никандр Герасимович Алексеев
3307,3307,29,35.31448132367079,13,0,Боброва Василиса Тимофеевна
3308,3308,27,31.336794811998555,23,0,Колесникова Алина Павловна
3309,3309,101,36.503239133144,4,2,Александрова Любовь Вениаминовна
3310,3310,23,42.93026793894303,5,0,Фёкла Константиновна Лихачева
3311,3311,3,52.895804326512376,4,3,Исаков Якуб Адрианович
3312,3312,62,69.424770904195,7,0,Алина Сергеевна Овчинникова
3313,3313,6,65.68585090607534,13,0,Константинова Вера Архиповна
3314,3314,56,77.92223703828056,10,6,Наталья Ильинична Маркова
3315,3315,23,63.582118960138224,10,2,тов. Ершов Ферапонт Феликсович
3316,3316,27,52.480717148660304,2,0,Герасимов Демид Денисович
3317,3317,27,37.65023491969008,13,1,Надежда Леоновна Шарапова
3318,3318,17,129.47501668799447,17,4,Татьяна Яковлевна Хохлова
3319,3319,128,75.74838686404696,6,8,Панфилова Октябрина Сергеевна
3320,3320,96,38.87372707994293,8,4,Ипполит Феоктистович Михайлов
3321,3321,101,37.17830061321303,12,5,Леонтий Федосьевич Кулаков
3322,3322,89,81.73663359334861,9,6,Наталья Архиповна Белозерова
3323,3323,45,42.76864435562595,27,2,Константин Артёмович Куликов
3324,3324,42,103.3399641096403,9,0,Алексей Харлампьевич Федосеев
3325,3325,52,44.39252597796582,14,5,Эраст Давидович Кулагин
3326,3326,27,66.57716253070629,10,0,Колобов Всеволод Владиславович
3327,3327,22,75.20508254308312,2,0,Татьяна Захаровна Фомина
3328,3328,27,42.98895535980987,7,0,Анжелика Леонидовна Маслова
3329,3329,101,49.18799284711969,6,2,Шарапов Сергей Гордеевич
3330,3330,31,57.55169140174854,32,1,Сысоева Валерия Феликсовна
3331,3331,57,41.82925308320619,6,0,Матвеева Евдокия Геннадиевна
3332,3332,48,47.50538219633511,10,10,Евфросиния Олеговна Медведева
3333,3333,85,76.72991720294392,11,7,Мясников Эдуард Ааронович
3334,3334,81,56.98483272554534,2,6,Анастасия Владимировна Давыдова
3335,3335,59,104.74520575224666,22,5,Зыков Платон Владиславович
3336,3336,47,55.27895654162747,5,3,Быкова Алла Феликсовна
3337,3337,39,44.25693868463651,10,2,Зуев Ферапонт Терентьевич
3338,3338,106,38.23948108301779,9,3,Зинаида Болеславовна Гусева
3339,3339,140,40.68655858692282,7,6,Жуков Клавдий Иосипович
3340,3340,12,53.434516602036894,10,15,Зинаида Тарасовна Полякова
3341,3341,6,49.02590808143336,11,0,Филипп Димитриевич Максимов
3342,3342,63,51.947637557079474,10,6,Дарья Павловна Мельникова
3343,3343,6,74.06146875787398,2,0,тов. Данилова Октябрина Тимуровна
3344,3344,90,33.72878230906272,6,2,Яковлева Лора Евгеньевна
3345,3345,6,65.21587080795747,3,0,Полина Аркадьевна Трофимова
3346,3346,52,48.55958589475846,7,5,Логинова Октябрина Геннадьевна
3347,3347,39,47.976057632422176,8,2,Акулина Наумовна Рыбакова
3348,3348,9,43.09179112275218,7,4,Галина Вениаминовна Сидорова
3349,3349,90,36.02840986752932,12,2,Дмитриева Нина Георгиевна
3350,3350,27,49.95262129698631,2,0,Валерия Владиславовна Емельянова
3351,3351,6,38.11818907521873,15,0,Фокина Ульяна Ивановна
3352,3352,101,42.74373292607956,13,2,Анжелика Станиславовна Гордеева
3353,3353,92,68.14034100496342,10,5,Вера Григорьевна Лыткина
3354,3354,10,48.41516960488824,3,6,Мартьян Артурович Васильев
3355,3355,116,68.98745269190186,6,5,Всемил Гурьевич Моисеев
3356,3356,27,52.61912534225148,6,0,Громов Порфирий Валерьянович
3357,3357,62,55.91121543737946,6,0,тов. Семенов Дементий Филимонович
3358,3358,23,61.796112507451866,8,2,Феврония Богдановна Харитонова
3359,3359,147,36.430095321919126,2,8,Таисия Ниловна Фадеева
3360,3360,58,44.94955164137689,4,5,Пров Ильясович Комиссаров
3361,3361,11,56.82069969470044,2,1,Елизавета Ефимовна Карпова
3362,3362,100,50.26363015044837,1,0,Кошелев Иларион Ермилович
3363,3363,57,60.3894930656841,17,4,Валерия Федоровна Чернова
3364,3364,24,32.62273621592311,6,3,Калинин Поликарп Филиппович
3365,3365,24,68.85508603711241,10,3,Голубев Бронислав Богданович
3366,3366,18,39.32438887909054,12,5,Трифон Демидович Петров
3367,3367,99,46.16607829014936,6,8,Леонид Измаилович Буров
3368,3368,54,168.08634684348272,18,6,Кузьма Демьянович Ширяев
3369,3369,6,42.60671798579149,6,0,Авдеева Нонна Викторовна
3370,3370,21,30.318472333815297,2,5,Горбачев Самсон Адамович
3371,3371,111,68.40220091269516,8,11,Моисеева Октябрина Тарасовна
3372,3372,153,38.91202063038804,12,8,Дементьев Доброслав Данилович
3373,3373,87,42.01779581079044,9,6,Одинцова Елена Эльдаровна
3374,3374,29,58.70275481023351,2,2,Белозерова Кира Антоновна
3375,3375,23,94.4440489273482,16,2,Добромысл Фомич Соколов
3376,3376,0,46.93410786689299,16,6,София Вадимовна Быкова
3377,3377,21,63.44506518443745,9,4,Гусева Оксана Харитоновна
3378,3378,1,94.77999539361404,14,1,Нестор Григорьевич Блохин
3379,3379,27,36.13840877574175,19,0,Цветкова Зоя Афанасьевна
3380,3380,23,41.74492142864426,18,2,Лукия Наумовна Блинова
3381,3381,21,31.71671757233603,7,4,Полина Андреевна Носкова
3382,3382,23,63.71493119526488,11,2,Кононов Карл Гавриилович
3383,3383,27,42.42106846297237,8,0,Чернова Акулина Георгиевна
3384,3384,111,75.92162028528058,9,2,Быков Адам Трифонович
3385,3385,134,53.216423908008935,14,8,Алина Кирилловна Белова
3386,3386,27,46.37630612560611,14,4,Лукина Нинель Рубеновна
3387,3387,37,57.55610181479205,6,3,Валерий Александрович Уваров
3388,3388,58,67.88864429212353,8,5,Семенов Соломон Владленович
3389,3389,30,74.65589068463429,2,23,Кондрат Феофанович Баранов
3390,3390,14,42.029174603362975,4,6,Виктор Гурьевич Рогов
3391,3391,6,39.36229406781708,14,0,Комиссаров Анатолий Герасимович
3392,3392,20,38.91671641137731,5,5,Любосмысл Адамович Щербаков
3393,3393,9,46.06244702990252,7,4,Лебедев Софон Давыдович
3394,3394,80,61.82342972196667,8,5,Алла Анатольевна Хохлова
3395,3395,31,64.38635297084787,2,1,Лукия Афанасьевна Захарова
3396,3396,9,41.69284737099585,18,4,Григорьева Акулина Павловна
3397,3397,10,62.54178706459292,8,11,Раиса Кузьминична Шарапова
3398,3398,57,54.4704776983584,7,4,Харитон Ефремович Зыков
3399,3399,1,54.48657185258941,15,1,Вера Степановна Самойлова
